{
  "loss": [
    0.25116556882858276,
    0.19796915352344513,
    0.19768191874027252,
    0.19707278907299042,
    0.1957927942276001,
    0.19768545031547546,
    0.19767537713050842,
    0.19767586886882782,
    0.19767528772354126,
    0.1976749747991562,
    0.1976722627878189,
    0.1976749300956726,
    0.19765649735927582,
    0.19740822911262512,
    0.19767725467681885,
    0.1976751685142517,
    0.1975557506084442,
    0.19767579436302185,
    0.1976749747991562,
    0.19767500460147858,
    0.1976749300956726,
    0.19767490029335022,
    0.19767500460147858,
    0.19767490029335022,
    0.1976749300956726,
    0.19767490029335022,
    0.1976749300956726,
    0.19767490029335022,
    0.198602557182312,
    0.19767749309539795,
    0.19767634570598602,
    0.19767490029335022,
    0.19767490029335022,
    0.1976749300956726,
    0.19767490029335022,
    0.1976749449968338,
    0.19767490029335022,
    0.19767490029335022,
    0.19767490029335022,
    0.19767490029335022,
    0.19767490029335022,
    0.19767490029335022,
    0.1976749747991562,
    0.19775544106960297,
    0.1976855993270874,
    0.19767490029335022,
    0.19767490029335022,
    0.19767490029335022,
    0.19767490029335022,
    0.19767490029335022,
    0.19767490029335022,
    0.19767490029335022,
    0.19767490029335022,
    0.19767490029335022,
    0.19767490029335022,
    0.19767490029335022,
    0.19767490029335022,
    0.19767490029335022,
    0.19767490029335022,
    0.19767490029335022,
    0.19767490029335022,
    0.19767490029335022,
    0.19767490029335022,
    0.19767490029335022,
    0.19767490029335022,
    0.19767490029335022,
    0.19767490029335022,
    0.19767490029335022,
    0.19767490029335022,
    0.19767490029335022,
    0.19767490029335022,
    0.19767490029335022,
    0.19767490029335022,
    0.19767490029335022,
    0.19767490029335022,
    0.19767490029335022,
    0.19767490029335022,
    0.19767490029335022,
    0.19767490029335022,
    0.19767490029335022,
    0.19767490029335022,
    0.19767490029335022,
    0.19767490029335022,
    0.19767490029335022,
    0.19767490029335022,
    0.19767490029335022,
    0.19767490029335022,
    0.19767490029335022,
    0.19767490029335022,
    0.19767490029335022,
    0.19767490029335022,
    0.19767490029335022,
    0.19767490029335022,
    0.19767490029335022,
    0.19767490029335022,
    0.19767490029335022
  ],
  "dice_coef": [
    0.002834608778357506,
    0.00566962780430913,
    0.003086426295340061,
    0.004784129094332457,
    0.007523763459175825,
    0.003086426295340061,
    0.003086426295340061,
    0.003086426295340061,
    0.003086426295340061,
    0.003086426295340061,
    0.003086426295340061,
    0.003086426295340061,
    0.003105645999312401,
    0.005374417640268803,
    0.003086426295340061,
    0.003086426295340061,
    0.004554261919111013,
    0.003086426295340061,
    0.003086426295340061,
    0.003086426295340061,
    0.003086426295340061,
    0.003086426295340061,
    0.003086426295340061,
    0.003086426295340061,
    0.003086426295340061,
    0.003086426295340061,
    0.003086426295340061,
    0.003086426295340061,
    0.0033943525049835443,
    0.003086426295340061,
    0.003086426295340061,
    0.003086426295340061,
    0.003086426295340061,
    0.003086426295340061,
    0.003086426295340061,
    0.003086426295340061,
    0.003086426295340061,
    0.003086426295340061,
    0.003086426295340061,
    0.003086426295340061,
    0.003086426295340061,
    0.003086426295340061,
    0.003086426295340061,
    0.003086426295340061,
    0.003086426295340061,
    0.003086426295340061,
    0.003086426295340061,
    0.003086426295340061,
    0.003086426295340061,
    0.003086426295340061,
    0.003086426295340061,
    0.003086426295340061,
    0.003086426295340061,
    0.003086426295340061,
    0.003086426295340061,
    0.003086426295340061,
    0.003086426295340061,
    0.003086426295340061,
    0.003086426295340061,
    0.003086426295340061,
    0.003086426295340061,
    0.003086426295340061,
    0.003086426295340061,
    0.003086426295340061,
    0.003086426295340061,
    0.003086426295340061,
    0.003086426295340061,
    0.003086426295340061,
    0.003086426295340061,
    0.003086426295340061,
    0.003086426295340061,
    0.003086426295340061,
    0.003086426295340061,
    0.003086426295340061,
    0.003086426295340061,
    0.003086426295340061,
    0.003086426295340061,
    0.003086426295340061,
    0.003086426295340061,
    0.003086426295340061,
    0.003086426295340061,
    0.003086426295340061,
    0.003086426295340061,
    0.003086426295340061,
    0.003086426295340061,
    0.003086426295340061,
    0.003086426295340061,
    0.003086426295340061,
    0.003086426295340061,
    0.003086426295340061,
    0.003086426295340061,
    0.003086426295340061,
    0.003086426295340061,
    0.003086426295340061,
    0.003086426295340061,
    0.003086426295340061
  ],
  "precision": [
    0.0059081073850393295,
    0.014847328886389732,
    0.0,
    0.003851888468489051,
    0.01316757407039404,
    0.0,
    0.0,
    0.0,
    0.0,
    0.0,
    0.0,
    0.0,
    0.0006858710548840463,
    0.005273065995424986,
    0.0,
    0.0,
    0.004004817921668291,
    0.0,
    0.0,
    0.0,
    0.0,
    0.0,
    0.0,
    0.0,
    0.0,
    0.0,
    0.0,
    0.0,
    0.00029157305834814906,
    0.0,
    0.0,
    0.0,
    0.0,
    0.0,
    0.0,
    0.0,
    0.0,
    0.0,
    0.0,
    0.0,
    0.0,
    0.0,
    0.0,
    0.0,
    0.0,
    0.0,
    0.0,
    0.0,
    0.0,
    0.0,
    0.0,
    0.0,
    0.0,
    0.0,
    0.0,
    0.0,
    0.0,
    0.0,
    0.0,
    0.0,
    0.0,
    0.0,
    0.0,
    0.0,
    0.0,
    0.0,
    0.0,
    0.0,
    0.0,
    0.0,
    0.0,
    0.0,
    0.0,
    0.0,
    0.0,
    0.0,
    0.0,
    0.0,
    0.0,
    0.0,
    0.0,
    0.0,
    0.0,
    0.0,
    0.0,
    0.0,
    0.0,
    0.0,
    0.0,
    0.0,
    0.0,
    0.0,
    0.0,
    0.0,
    0.0,
    0.0
  ],
  "recall": [
    0.01277950406074524,
    0.002511616563424468,
    0.0,
    0.001257726107724011,
    0.005413897335529327,
    0.0,
    0.0,
    0.0,
    0.0,
    0.0,
    0.0,
    0.0,
    5.918350325373467e-06,
    0.0019079119665548205,
    0.0,
    0.0,
    0.0016390819801017642,
    0.0,
    0.0,
    0.0,
    0.0,
    0.0,
    0.0,
    0.0,
    0.0,
    0.0,
    0.0,
    0.0,
    0.0003306180005893111,
    0.0,
    0.0,
    0.0,
    0.0,
    0.0,
    0.0,
    0.0,
    0.0,
    0.0,
    0.0,
    0.0,
    0.0,
    0.0,
    0.0,
    0.0,
    0.0,
    0.0,
    0.0,
    0.0,
    0.0,
    0.0,
    0.0,
    0.0,
    0.0,
    0.0,
    0.0,
    0.0,
    0.0,
    0.0,
    0.0,
    0.0,
    0.0,
    0.0,
    0.0,
    0.0,
    0.0,
    0.0,
    0.0,
    0.0,
    0.0,
    0.0,
    0.0,
    0.0,
    0.0,
    0.0,
    0.0,
    0.0,
    0.0,
    0.0,
    0.0,
    0.0,
    0.0,
    0.0,
    0.0,
    0.0,
    0.0,
    0.0,
    0.0,
    0.0,
    0.0,
    0.0,
    0.0,
    0.0,
    0.0,
    0.0,
    0.0,
    0.0
  ],