{
  "loss": [
    0.6205931901931763,
    0.49740996956825256
  ],
  "dice_coef": [
    5.714416693081148e-05,
    1.8260523759749958e-08
  ],
  "precision": [
    4.508819984039292e-05,
    0.0
  ],
  "recall": [
    0.001676383544690907,
    0.0
  ],
  "val_loss": [
    0.5534805655479431,
    0.4460046589374542
  ],
  "val_dice_coef": [
    1.6756239062942768e-08,
    1.6756239062942768e-08
  ],
  "val_precision": [
    0.0,
    0.0
  ],
  "val_recall": [
    0.0,
    0.0
  ]
}