{
  "loss": [
    0.24017618596553802,
    0.195492222905159
  ],
  "dice_coef": [
    0.004895798861980438,
    0.011986174620687962
  ],
  "precision": [
    0.004957395605742931,
    0.02641572244465351
  ],
  "recall": [
    0.01123955100774765,
    0.015197480097413063
  ],
  "val_loss": [
    0.201681450009346,
    0.20243412256240845
  ],
  "val_dice_coef": [
    0.0027415624354034662,
    1.6130860203134034e-08
  ],
  "val_precision": [
    0.016019446775317192,
    0.0
  ],
  "val_recall": [
    0.001659474102780223,
    0.0
  ]
}