{
  "dice_coef": [
    0.02217145822942257,
    0.5928568840026855,
    0.7375430464744568,
    0.7926481366157532,
    0.8213898539543152,
    0.8447940945625305,
    0.8591727614402771,
    0.8758583664894104,
    0.8773040771484375,
    0.8887572884559631,
    0.8903641700744629,
    0.8959044218063354,
    0.912055492401123,
    0.9083214998245239,
    0.9020877480506897,
    0.9060735702514648,
    0.9163622260093689,
    0.9279928207397461,
    0.9355674982070923,
    0.9368245601654053,
    0.9401238560676575,
    0.9317836761474609,
    0.934582531452179,
    0.9446901082992554,
    0.9458121657371521,
    0.9448104500770569,
    0.9364914894104004,
    0.9003552794456482,
    0.9334527254104614,
    0.9429944753646851,
    0.9512444734573364,
    0.9558296799659729,
    0.9585006833076477,
    0.9587876796722412,
    0.9589783549308777,
    0.959320068359375,
    0.9592198729515076,
    0.9588264226913452,
    0.9462592005729675,
    0.9298613667488098,
    0.9526737332344055,
    0.9599753618240356,
    0.963176965713501,
    0.9648469686508179,
    0.9655016660690308,
    0.9657158851623535,
    0.9636353850364685,
    0.9629643559455872,
    0.9614129066467285,
    0.962783694267273,
    0.9641188383102417,
    0.965018093585968,
    0.9666641354560852,
    0.9670880436897278,
    0.9595692157745361,
    0.9668129682540894,
    0.9695098996162415,
    0.971463143825531,
    0.9713821411132812,
    0.9710056781768799,
    0.9670928120613098,
    0.9679033160209656,
    0.9700924158096313,
    0.9709283113479614,
    0.9710149168968201,
    0.9720709323883057,
    0.9716527462005615,
    0.9680497646331787,
    0.9547870755195618,
    0.9439307451248169,
    0.9679445624351501,
    0.9729406237602234,
    0.9754960536956787,
    0.9769110083580017,
    0.9778692126274109,
    0.9782489538192749,
    0.9781932830810547,
    0.9712851047515869,
    0.9706336855888367,
    0.9773302674293518,
    0.9418401718139648,
    0.9714383482933044,
    0.9768934845924377,
    0.9782023429870605,
    0.9788932204246521,
    0.9790682196617126,
    0.9790365695953369,
    0.9789175391197205,
    0.9790540337562561,
    0.9784970879554749,
    0.9778019189834595
  ],
  "loss": [
    0.05264852195978165,
    0.0171977486461401,
    0.01320392545312643,
    0.01010183896869421,
    0.008674466982483864,
    0.0069605628959834576,
    0.006387864239513874,
    0.005375601816922426,
    0.005381756462156773,
    0.0047318902797997,
    0.004747931379824877,
    0.004381115548312664,
    0.0038935914635658264,
    0.003815645817667246,
    0.0046362197026610374,
    0.004354727920144796,
    0.0036212485283613205,
    0.002961355959996581,
    0.002684338018298149,
    0.002603704109787941,
    0.002480371156707406,
    0.0029793756548315287,
    0.0027722378727048635,
    0.002352805808186531,
    0.002262157155200839,
    0.002316772472113371,
    0.002822510665282607,
    0.005394720938056707,
    0.0029191921930760145,
    0.002383123617619276,
    0.0020749676041305065,
    0.0018723870161920786,
    0.0017499768873676658,
    0.0017159499693661928,
    0.0017065608408302069,
    0.0017315653385594487,
    0.001743022701703012,
    0.0017677792347967625,
    0.002681332640349865,
    0.0030465954914689064,
    0.0019559022039175034,
    0.0016944861272349954,
    0.0015601391205564141,
    0.0014623632887378335,
    0.0014640414156019688,
    0.0014786566607654095,
    0.001530436216853559,
    0.0015632465947419405,
    0.001612471416592598,
    0.001581071293912828,
    0.0015220404602587223,
    0.0015172670828178525,
    0.0014458297519013286,
    0.001439696061424911,
    0.0017733459826558828,
    0.0014226284110918641,
    0.001302808988839388,
    0.001240069163031876,
    0.0012329536257311702,
    0.0012453340459614992,
    0.001462621963582933,
    0.001342244097031653,
    0.0012842242140322924,
    0.0012635616585612297,
    0.0012615110026672482,
    0.0012248200364410877,
    0.001232766779139638,
    0.0014324813382700086,
    0.002402202459052205,
    0.0028585977852344513,
    0.001400899956934154,
    0.0011991464998573065,
    0.0010781282326206565,
    0.001011338667012751,
    0.0009768845047801733,
    0.0009586568921804428,
    0.0009512100368738174,
    0.0013156726490706205,
    0.0012949579395353794,
    0.0010068650590255857,
    0.003210713155567646,
    0.0012194968294352293,
    0.0010260563576593995,
    0.0009684116812422872,
    0.0009430608479306102,
    0.0009315887582488358,
    0.0009285284322686493,
    0.0009413152583874762,
    0.0009333225316368043,
    0.0009520854218862951,
    0.0009806629968807101
  ],
  "precision": [
    0.24725763499736786,
    0.7649223208427429,
    0.8011624217033386,
    0.8264943957328796,
    0.8495496511459351,
    0.865450918674469,
    0.876311719417572,
    0.8940043449401855,
    0.8925158381462097,
    0.9050489068031311,
    0.9077174663543701,
    0.9143978357315063,
    0.9256999492645264,
    0.9267441630363464,
    0.9200819134712219,
    0.9211670756340027,
    0.9323282241821289,
    0.942431628704071,
    0.9497132301330566,
    0.9502930641174316,
    0.9553974270820618,
    0.9436922669410706,
    0.9489166140556335,
    0.9580706357955933,
    0.9598824977874756,
    0.9587046504020691,
    0.9473645091056824,
    0.9128490686416626,
    0.9457650184631348,
    0.9568650722503662,
    0.9639303684234619,
    0.9688469171524048,
    0.9723942279815674,
    0.9732030034065247,
    0.9730845093727112,
    0.973886251449585,
    0.9736546874046326,
    0.9722664952278137,
    0.961293637752533,
    0.9416886568069458,
    0.9660433530807495,
    0.9743655920028687,
    0.978179931640625,
    0.9801603555679321,
    0.980588436126709,
    0.9800449013710022,
    0.9777473211288452,
    0.9770174622535706,
    0.9753411412239075,
    0.9762545228004456,
    0.9785320162773132,
    0.9787352681159973,
    0.9808622598648071,
    0.9816269278526306,
    0.9731786251068115,
    0.9809719920158386,
    0.9839566349983215,
    0.9863144755363464,
    0.9860218167304993,
    0.9862266778945923,
    0.9818158745765686,
    0.9837499260902405,
    0.9849450588226318,
    0.9862422943115234,
    0.9855038523674011,
    0.9863731265068054,
    0.9858208298683167,
    0.9817200899124146,
    0.9694448113441467,
    0.9589875936508179,
    0.982097864151001,
    0.9880954027175903,
    0.9907602667808533,
    0.9925314784049988,
    0.993428647518158,
    0.9938172698020935,
    0.9938130378723145,
    0.9858008623123169,
    0.9856342077255249,
    0.9930095076560974,
    0.9603583216667175,
    0.9859501123428345,
    0.9925084710121155,
    0.9940242171287537,
    0.994624674320221,
    0.9950868487358093,
    0.9949602484703064,
    0.994940459728241,
    0.994652271270752,
    0.9940915703773499,
    0.9933252930641174
  ],