{
  "loss": [
    0.05098094046115875,
    0.04848048463463783
  ],
  "dice_coef": [
    2.17955840042805e-08,
    2.17955840042805e-08
  ],
  "precision": [
    0.0,
    0.0
  ],
  "recall": [
    0.0,
    0.0
  ],
  "val_loss": [
    0.045650701969861984,
    0.04706956818699837
  ],
  "val_dice_coef": [
    2.523430175926933e-08,
    2.523429820655565e-08
  ],
  "val_precision": [
    0.0,
    0.0
  ],
  "val_recall": [
    0.0,
    0.0
  ]
}