{
  "loss": [
    0.06379950791597366,
    0.051758889108896255
  ],
  "dice_coef": [
    0.0001880617201095447,
    1.9152905039732104e-08
  ],
  "precision": [
    0.00024366470461245626,
    0.0
  ],
  "recall": [
    0.00015368065214715898,
    0.0
  ],
  "val_loss": [
    0.055886875838041306,
    0.05365348607301712
  ],
  "val_dice_coef": [
    1.8169506788012768e-08,
    1.8169506788012768e-08
  ],
  "val_precision": [
    0.0,
    0.0
  ],
  "val_recall": [
    0.0,
    0.0
  ]
}